component,term,estimate,std.error,statistic,p.value
mu,(Intercept),-6.304873432051358,0.1316731521262576,-47.88275612940287,0
mu,FloatTrtFreq,0.014029779290022875,0.0014206192982855093,9.875819163483753,5.299814378365365e-23
mu,FloatTrtArea,0.06830897845336117,0.007465247633798867,9.15026289872725,5.679516081333354e-20
phi,(phi),74.17849622785225,8.373640804283946,8.858571553475594,8.104621083692088e-19
nu,Log(nu),-11.68122999256386,0.4460299067017911,-26.18934250158646,3.514587283042288e-151
