component,term,estimate,std.error,statistic,p.value
mu,(Intercept),-6.6100479187172665,0.18839347790711317,-35.08639466795305,1.0870082064688974e-269
mu,FloatTrt,1.4188801959783375,0.17355671488848892,8.175311435745805,2.951026195488206e-16
phi,(phi),61.76070623020833,7.251714864856352,8.516703618549093,1.6415890377640135e-17
nu,Log(nu),-11.67975670537428,0.4502221027074449,-25.942210822474447,2.226207399326082e-148
