Invasive,Model,Term,Estimate,SE,t,P,Intercept,R2,Waterbodies,Years,N
floating plants,binary,established,0.36720277386615324,0.04813318122256783,7.628890601853379,2.7322926732865095e-14,14.38147206212967,0.0484215849037207,332,21,6972
floating plants,continuous,invasive PAC,0.002729410085667671,0.0032625480233370143,0.8365884781294234,0.4028655961807399,20.38034403655781,0.004033550791853933,269,20,5380
floating plants,continuous,invasive PAC:management,-0.0052305674930936625,0.0015433225195240537,-3.389160351723968,7.067229349883221e-4,20.38034403655781,0.004033550791853933,269,20,5380
floating plants,continuous,management,0.029981534866893825,0.01559323515250614,1.9227270398776228,0.05457348137587946,20.38034403655781,0.004033550791853933,269,20,5380
hydrilla,binary,established,0.2801307032737304,0.04050135210512314,6.916576576175486,5.100868366454268e-12,15.856303457927739,0.048284924856961675,332,21,6972
hydrilla,continuous,invasive PAC,0.0015078304486515883,5.784238274141151e-4,2.606791728121664,0.009171004640828751,20.165687123710626,0.02104203438478139,241,21,5061
hydrilla,continuous,invasive PAC:management,-3.751368148077584e-4,6.330484725901612e-4,-0.5925878207601709,0.553488148692818,20.165687123710626,0.02104203438478139,241,21,5061
hydrilla,continuous,management,0.06644053503667587,0.01361105592727426,4.8813652218958445,1.0916750663958575e-6,20.165687123710626,0.02104203438478139,241,21,5061
