CommonName,Incpt,BetaTreat,BetaPAC,BetaInxn,IncptTreat,IncptPAC,IncptTreatPAC,NoTreat,Treat,PAC,TreatPAC
Hydrilla,0.017246550050404076,-0.0031070826753841793,8.14379924029908e-6,-6.735050027018885e-4,0.014139467375019896,0.017254693849644374,0.013474106171558307,1.73961304728385,1.4239902451720798,1.7404415976410625,1.3565291024649984
Water hyacinth,0.019673324470534964,-0.006103745465729551,-0.007007458375989078,0.003879393041482675,0.013569579004805413,0.012665866094545886,0.01044151367029901,1.986811964427737,1.3662063594167329,1.274641790339004,1.049621650183541
Water lettuce,0.004035981025018307,0.013508645589788707,-5.973477994039771e-4,-0.0032414122419701053,0.017544626614807015,0.00343863322561433,0.01370586657343293,0.4044136564612,1.7699437618176939,0.3444552107187526,1.3800222546684449
