Metric,Invasive,Model,Term,Estimate,SE,t,P,Intercept,R2,Waterbodies,Years,N
nitrogen,floating plants,binary,established,0.5960849301177078,0.1586411895527369,3.757441127353322,1.783997249371198e-4,530.5675367044729,0.7169622488837136,191,23,4393
nitrogen,floating plants,continuous,invasive PAC,0.012560853985668304,0.011797430104247629,1.0647110323752464,0.28724580153956936,828.9624039856151,0.009524913982521312,160,23,3680
nitrogen,floating plants,continuous,invasive PAC:management,-0.022936267127093058,0.011891124328902311,-1.928856052017273,0.05401175742204036,828.9624039856151,0.009524913982521312,160,23,3680
nitrogen,floating plants,continuous,management,0.053446855695029626,0.03622129406931147,1.475564500615469,0.14035366630737625,828.9624039856151,0.009524913982521312,160,23,3680
nitrogen,hydrilla,binary,established,0.22036672559072285,0.13927355432555236,1.5822582159109329,0.1138066299500039,761.2553066263877,0.7052201389366177,191,23,4393
nitrogen,hydrilla,continuous,invasive PAC,-0.003462303525892879,0.0014830649937332978,-2.334559537527262,0.019765615600210094,855.5094978132117,0.013558369824036631,149,23,3427
nitrogen,hydrilla,continuous,invasive PAC:management,0.002449697247587394,0.0014244243087264507,1.7197805685987058,0.08578487452762419,855.5094978132117,0.013558369824036631,149,23,3427
nitrogen,hydrilla,continuous,management,-0.031357988012104536,0.025360861406473943,-1.2364717234762257,0.21657652703066152,855.5094978132117,0.013558369824036631,149,23,3427
