Metric,Invasive,Model,Term,Estimate,SE,t,P,Intercept,R2,Waterbodies,Years,N
phosphorus,Cuban bulrush,binary,established,0.1945307498430001,0.3626048156708455,0.5364814294677911,0.5918892197143945,23.716431475256652,0.28664573210490313,143,9,1287
phosphorus,Cuban bulrush,continuous,invasive PAC,-0.05026670238206821,0.03875131897943169,-1.2971610697625189,0.19604086604896154,25.115427557856574,0.04231669374860331,91,9,819
phosphorus,Cuban bulrush,continuous,invasive PAC:management,-0.024214119147196414,0.04940180672872442,-0.4901464288575754,0.6245570141566581,25.115427557856574,0.04231669374860331,91,9,819
phosphorus,Cuban bulrush,continuous,management,-0.151083057327304,0.07977251122555326,-1.8939237966336966,0.05965013236652719,25.115427557856574,0.04231669374860331,91,9,819
phosphorus,torpedograss,binary,established,-1.3016905712612097,0.06390973076943303,-20.367642854846554,2.519149983414208e-80,110.32359809350561,0.23201960118937381,183,21,3843
phosphorus,torpedograss,continuous,invasive PAC,-0.007179319332173492,0.012920360163287091,-0.5556593811195267,0.5786864425072219,23.688703716524046,0.00480668759871335,72,21,1512
phosphorus,torpedograss,continuous,invasive PAC:management,-0.017418446773865177,0.013673674785530696,-1.2738672702891216,0.20328840998272404,23.688703716524046,0.00480668759871335,72,21,1512
phosphorus,torpedograss,continuous,management,-0.01830758248874285,0.0531000295859604,-0.34477537265974256,0.7304048272954238,23.688703716524046,0.00480668759871335,72,21,1512
