CommonName,DiffNone,Treat,Surv,DiffThree,YearsNone,YearsThree,YearsSurv,SurvMean,SurvSD,SurvExp
Cuban bulrush,0.9649139296533217,-1.3304037041106775,0.6792403215150062,-0.36548977445735586,1.0363618653109135,-2.7360546583955845,0.6082154392079727,244.09343434343435,235.1954508673196,479.28888521075396
Para grass,0.835760675207892,-2.757283340197693,-0.9015397721737577,-1.921522664989801,1.1965147794866684,-0.5204206113308103,-15.202397815204474,389.4142857142857,230.63225534283382,620.0465410571195
Torpedograss,0.7238575653764765,-1.3817275699819664,-0.31704388047921356,-0.6578700046054899,1.381487253614463,-1.520057143507672,2.458127730517573,270.1875,257.05722598927787,527.2447259892779
