covNames,change,.lower,.upper,.width,.point,.interval,Invasive
RecentTreatment,0.5951947044939709,-0.012905638911394516,1.2283956552618356,0.95,median,qi,Cuban bulrush
PercCovered,10.246219319068324,-2.5117566203918464,19.920826359069366,0.95,median,qi,Cuban bulrush
RecentTreatment,-1.1341166187445193,-3.953564047648442,0.9538254325754867,0.95,median,qi,paragrass
PercCovered,3.297066976736329,-5.554581632223837,8.80877185256643,0.95,median,qi,paragrass
RecentTreatment,-0.1827256978084364,-0.8011753657364034,0.46865048809082777,0.95,median,qi,torpedograss
PercCovered,9.149179251627555,3.9707880031945155,12.210852923720676,0.95,median,qi,torpedograss
