Coefficient,Estimate,SE,t,P,R2,Waterbodies,Years,N
intercept,0.004035981025018307,0.00483564259497173,0.8346317879685858,0.4039853095758591,8.493893358635374e-4,186,2-19,3313
water lettuce management,0.013508645589788707,0.005493043295178705,2.4592279477653802,0.013974441336509725,8.493893358635374e-4,186,2-19,3313
water lettuce PAC,-5.973477994039771e-4,0.0022058044821353755,-0.27080722894610404,0.7865561899710456,8.493893358635374e-4,186,2-19,3313
interaction,-0.0032414122419701053,0.0029186328899966185,-1.1105926521556675,0.2668244207825737,8.493893358635374e-4,186,2-19,3313
error,0.049294665451027335,NA,NA,NA,8.493893358635374e-4,186,2-19,3313
random: year,8.012355251050803e-4,NA,NA,NA,8.493893358635374e-4,186,2-19,3313
