Coefficient,Estimate,SE,t,P,R2,Waterbodies,Years,N
intercept,0.019673324470534964,0.004509139506715234,4.362988645890525,1.3077004471025559e-5,0.001313533357804042,296,2-19,5227
water hyacinth management,-0.006103745465729551,0.004554368443108145,-1.3401958014543127,0.18023999241624075,0.001313533357804042,296,2-19,5227
water hyacinth PAC,-0.007007458375989078,0.002396461008321577,-2.9240861218505416,0.0034695431490457582,0.001313533357804042,296,2-19,5227
interaction,0.003879393041482675,0.0034047060982719643,1.1394208279685683,0.25457992537252966,0.001313533357804042,296,2-19,5227
error,0.0455720655476652,NA,NA,NA,0.001313533357804042,296,2-19,5227
random: year,7.128243200962823e-4,NA,NA,NA,0.001313533357804042,296,2-19,5227
