Invasive,Quarter,Term,Intercept,BetaPAC,BetaTreat,Metric,UninvAvg,UninvN
Cuban bulrush,Oct-Dec,management,4.511421676218634,NA,0.29691861438599676,Secchi disk depth,111.9711327375,80
torpedograss,Jul-Sep,management,4.335634522802473,NA,0.22102378567396094,Secchi disk depth,42.66124318466667,20
torpedograss,Oct-Dec,invasive PAC,4.369867611535666,-0.02131393189662044,NA,Secchi disk depth,42.31773708825397,21
torpedograss,Oct-Dec,management,4.369867611535666,NA,0.1778556506000596,Secchi disk depth,42.31773708825397,21
