Metric,Invasive,Model,Term,Estimate,SE,t,P,Intercept,R2,Waterbodies,Years,N
chlorophyll,floating plants,binary,established,0.5045480408302522,0.23852873356011964,2.115250575055286,0.03458559599301274,8.457056965539657,0.0868442994940664,189,22,4158
chlorophyll,floating plants,continuous,invasive PAC,-0.026599116360617757,0.030757549921934607,-0.8647995834560515,0.3873529348392829,13.89337970822101,0.009589631120883953,158,22,3476
chlorophyll,floating plants,continuous,invasive PAC:management,-0.01187803469948976,0.022785184387199432,-0.5213051822465287,0.6022677982224707,13.89337970822101,0.009589631120883953,158,22,3476
chlorophyll,floating plants,continuous,management,0.079283505710389085,0.06669972225542875,1.1886632062240128,0.2348499794786425,13.89337970822101,0.009589631120883953,158,22,3476
chlorophyll,hydrilla,binary,established,0.7797567207157017,0.18590725461241364,4.1943318583310125,2.9094642916143462e-5,6.8178103725943675,0.09679152373118186,189,22,4158
chlorophyll,hydrilla,continuous,invasive PAC,-0.010595576838533583,0.0033501562345605025,-3.1627112578299164,0.0016132643339582429,15.521710917009496,0.032423580663825655,147,22,3234
chlorophyll,hydrilla,continuous,invasive PAC:management,0.005029532172942228,0.0033995408529094093,1.4794739615021342,0.13934908070118884,15.521710917009496,0.032423580663825655,147,22,3234
chlorophyll,hydrilla,continuous,management,0.06315545374657713,0.054282952916563876,1.1634491189830962,0.24494288629714273,15.521710917009496,0.032423580663825655,147,22,3234
