Coefficient,Estimate,SE,t,P,R2,Waterbodies,Years,N
torpedograss management,-0.043932403118886236,0.015564625562915062,-2.8225801476112244,0.004783943421931979,-0.06858201215832693,319,1-18,5032
torpedograss PAC,-0.006275746239713518,0.0027537215859336347,-2.2790053547064595,0.022711459507253545,-0.06858201215832693,319,1-18,5032
interaction,-4.216267791257062e-4,0.004677202367943076,-0.09014507946362983,0.9281757736789713,-0.06858201215832693,319,1-18,5032
