Lag,Hydrilla,Waterhyacinth,Waterlettuce
0,6.010057566756586,0,56.68174267884024
1,7.694305258566601,5.179083513387013,42.2021182828903
2,7.810091576833656,3.1514113785960944,33.04791891806235
3,5.857952012367605,1.3216506800636125,23.049024932020984
4,0,0.408933119259018,9.70131825441058
5,2.334915293711674,1.6042337083490565,0
