Metric,Invasive,Model,Term,Estimate,SE,t,P,Intercept,R2,Waterbodies,Years,N
phosphorus,floating plants,binary,established,0.6367114050939704,0.20295494751524848,3.1372056354828834,0.0017396457978281089,16.612846101883733,0.23239158345629654,191,23,4393
phosphorus,floating plants,continuous,invasive PAC,0.029278223185410315,0.015862189053052377,1.8457870529399771,0.06519795216527731,30.546845903457772,0.014638365871347021,160,23,3680
phosphorus,floating plants,continuous,invasive PAC:management,-0.021134440402205544,0.01810417828668631,-1.1673791578680857,0.24331614998083867,30.546845903457772,0.014638365871347021,160,23,3680
phosphorus,floating plants,continuous,management,0.10122818550508003,0.05547962862398165,1.8246009934775067,0.06833870796778639,30.546845903457772,0.014638365871347021,160,23,3680
phosphorus,hydrilla,binary,established,0.37923375946672283,0.17660366354169169,2.1473719845975636,0.03192745651018217,21.53178949285481,0.23087029820009602,191,23,4393
phosphorus,hydrilla,continuous,invasive PAC,-0.007691504578165638,0.0019637484174500714,-3.9167464171164355,9.590891411710435e-5,32.03640268860863,0.04675643743678235,149,23,3427
phosphorus,hydrilla,continuous,invasive PAC:management,0.002895606283973869,0.0018827703676483531,1.5379497859797866,0.12438042585939602,32.03640268860863,0.04675643743678235,149,23,3427
phosphorus,hydrilla,continuous,management,-0.00934327688665555,0.03781948951640731,-0.2470492596840086,0.8049213224490728,32.03640268860863,0.04675643743678235,149,23,3427
