CommonName,Quarter,DiffNone,PAC,DiffPAC,PrevValue
Torpedograss,1,-0.09314479363076156,-0.11804301752559371,-0.21118781115635527,4.0234954600374495
Torpedograss,2,-0.05141336044699956,-0.060733198692791764,-0.11214655913979132,3.4677034501122335
Torpedograss,3,-0.0837413579009885,-0.2459657244029199,-0.3297070823039084,3.46268570228647
Torpedograss,4,-0.027222230824804062,-0.14686163572182553,-0.1740838665466296,4.251143508386939
