CommonName,Incpt,Beta,IncptBeta,NoTreat,Treat
Hydrilla,-0.0892200307952502,-0.11966786127147848,-0.2088878920667287,-8.53556984807955,-18.85137954145797
Water hyacinth,0.04635556457891911,-0.07188222443801465,-0.025526659859095538,4.7446779725615285,-2.5203609315101794
Water lettuce,0.04635556457891911,-0.01263148503208658,0.03372407954683253,4.7446779725615285,3.429918305351509
