CommonName,Incpt,BetaTreat,BetaPAC,BetaInxn,IncptTreat,IncptPAC,IncptTreatPAC,NoTreat,Treat,PAC,TreatPAC
Cuban bulrush,0.052135646652032665,-0.002293459395174638,0.005910153866507374,-0.017643571525138256,0.049842187256858024,0.11123718531710641,-0.0674919893294508,5.351863909767163,5.110520549071129,11.76599679528314,-6.526479155815823
Para grass,0.06615777055077869,0.021132482603917604,-0.032269533137883874,-0.04435097186182515,0.0872902531546963,-0.25653756082806006,-0.678914796842394,6.839526517912398,9.121336187778839,-22.627406777303282,-49.28329268538827
Torpedograss,0.038623173447735526,-0.04393240311888598,-0.006275746239713533,-4.2162677912576096e-4,-0.005309229671150453,-0.024134288949399813,-0.0722829598595434,3.937874433718047,-0.5295160620918393,-2.384538582182727,-6.973236983181252
