Coefficient,Estimate,SE,t,P,R2,Waterbodies,Years,N
water hyacinth management,-0.00752587564695801,0.007514547554112413,-1.001507488343646,0.3166308745786002,-0.06249141258582269,296,2-19,5227
water hyacinth PAC,-0.007682166677592284,0.0029455092957067935,-2.608094528436686,0.009132357436846423,-0.06249141258582269,296,2-19,5227
interaction,0.0038043502262533283,0.0037491795976057583,1.0147153869830088,0.31029151563904567,-0.06249141258582269,296,2-19,5227
