Invasive,Quarter,Term,DiffAvg,PACEffect,TreatEffect,Metric,Average,UninvAvg,UninvN
Cuban bulrush,Apr-Jun,management,-374.4909515532454,NA,280.1333741568277,total nitrogen,1026.46016992267,1478.9367604617605,77
Cuban bulrush,Jan-Mar,management,191.71780398376856,NA,-12.837812409897026,total nitrogen,952.8995031203365,1428.8229166666667,80
torpedograss,Apr-Jun,invasive PAC,95.319630266131,20.163800909269852,NA,total nitrogen,1510.5135781934116,2006.9462418300654,17
torpedograss,Jul-Sep,invasive PAC,-104.88805390830603,18.989454218066285,NA,total nitrogen,1428.246672563217,1924.4354938271606,18
