Lag,Hydrilla,Waterhyacinth,Waterlettuce
0,1.0445256247585348,10.578673610576516,7.97747946317395
1,4.118591749265761,15.379262952526915,6.028278963647608
2,3.338728716429614,4.797911412955727,6.7125231713198446
3,1.9431578040130262,2.766575808002017,6.925882173658465
4,0,0.6307237933324359,2.0355986682006915
5,1.943051887305046,0,0
