CommonName,Quarter,DiffNone,PAC,Treat,DiffPAC,DiffTreat,PrevValue,PrevValueUninv,UninvN
Hydrilla,1,1.4757881561577277,-0.8430815144889071,-3.6897444936792194,0.6327066416688206,-2.2139563375214917,98.63075110187285,142.94673417200002,330
Water hyacinth,1,0.8402118462240342,-1.9359492059625487,-2.2091988764306616,-1.0957373597385145,-1.3689870302066274,89.04462921904275,193.38007687322514,358
Water hyacinth,4,3.801080390699858,-0.6526511294540481,-5.075205118007615,3.14842926124581,-1.2741247273077565,96.5482433945081,200.84258597619868,349
Water lettuce,1,0.6996558330763919,-1.3691664622677886,-2.144448493630844,-0.6695106291913968,-1.444792660554452,91.87607771913642,173.37786292936693,1159
Water lettuce,2,-0.08821228181805607,0.5131629817306709,-0.03726894411168314,0.4249506999126148,-0.12548122592973923,85.73467732388482,157.9990287074621,1128
