CommonName,None,One,Two,Three
Floating plants,21.035827751999495,20.22764077144139,20.215355150774737,20.203076992000295
Hydrilla,21.035827751999495,20.676564600080354,21.122614661164608,21.57828724227777
Para grass,21.035827751999495,20.114510391352315,19.9898641523082,19.865990325050674
Torpedograss,21.035827751999495,20.267761846872354,20.29562809605275,20.32353265868132
