Coefficient,Estimate,SE,t,P,R2,Waterbodies,Years,N
para grass management,0.02113248260391684,0.04981290715747557,0.42423708652678843,0.6714149484523098,-0.0656828951710946,277,4-17,4438
para grass PAC,-0.03226953313788392,0.007128137596895761,-4.527063724462476,6.148831263570361e-6,-0.0656828951710946,277,4-17,4438
interaction,-0.044350971861823796,0.03217921511316447,-1.3782490252125472,0.1682008577224926,-0.0656828951710946,277,4-17,4438
