CommonName,Incpt,BetaTreat,BetaPAC,BetaInxn,IncptTreat,IncptPAC,IncptTreatPAC,NoTreat,Treat,PAC,TreatPAC
Cuban bulrush,0.017646587493839343,-0.007434697177327414,-0.003218866912177193,-0.005099738271676084,0.010211890316511929,0.01442772058166215,0.001893285132658652,1.7803208437619178,1.0264209609732955,1.453230249650761,0.1895078528580063
Paragrass,0.06615777055077918,0.02113248260391684,-0.03226953313788392,-0.044350971861823796,0.08729025315469602,0.033888237412895254,0.0106697481549883,6.839526517912442,9.121336187778795,3.4468985337084534,1.0726872905960638
Torpedograss,0.038623173447737656,-0.043932403118886236,-0.006275746239713518,-4.216267791257062e-4,-0.00530922967114858,0.03234742720802414,-0.012006602689987805,3.937874433718269,-0.5295160620916506,3.2876292301796006,-1.1934811047737526
