Invasive,Quarter,Term,Intercept,BetaPAC,BetaTreat,Metric,UninvAvg,UninvN
hydrilla,Apr-Jun,management,7.093197599976753,NA,-0.11900285005460225,total nitrogen,1013.4541341991342,385
hydrilla,Oct-Dec,management,7.064676913497618,NA,-0.10191285477536965,total nitrogen,1011.940877470735,386
water hyacinth,Apr-Jun,invasive PAC,7.086610883252405,0.08635193185544864,NA,total nitrogen,906.4623929834356,398
water hyacinth,Jul-Sep,invasive PAC,7.090001941228733,0.019937304258202324,NA,total nitrogen,852.8502072632242,411
water hyacinth,Jan-Mar,invasive PAC,7.039404590321196,0.05749045552116243,NA,total nitrogen,890.8192381738174,404
water lettuce,Apr-Jun,invasive PAC,7.100865153702642,0.12475685831118132,NA,total nitrogen,955.2692667544984,1253
water lettuce,Oct-Dec,invasive PAC,7.084154963371895,0.03815255219563319,NA,total nitrogen,953.347443358182,1229
water lettuce,Jan-Mar,invasive PAC,7.047563352223324,0.07929662045217026,NA,total nitrogen,926.2324544432612,1252
