CommonName,Incpt,Beta,IncptBeta,NoTreat,Treat
Hydrilla,-0.08922003079525016,-0.11966786127147852,-0.2088878920667287,-8.53556984807955,-18.85137954145797
Water hyacinth,0.04635556457891862,-0.07188222443801426,-0.025526659859095635,4.744677972561462,-2.5203609315101905
Water lettuce,0.004129001270580198,-0.0022234981224522467,0.0019055031481279515,0.41375373407643856,0.19073197729297942
