Invasive,Quarter,Term,DiffAvg,PACEffect,TreatEffect,Metric,Average,UninvAvg,UninvN
hydrilla,Oct-Dec,invasive PAC,-85.23148141793799,-7.730765876330567,NA,total nitrogen,1702.4204521728236,1023.1518658386483,331
hydrilla,Jan-Mar,management,-176.27853428219558,NA,13.372608664696799,total nitrogen,1722.1261566101111,1023.6529910376848,343
water hyacinth,Apr-Jun,invasive PAC,-83.99109321074631,112.24679940209633,NA,total nitrogen,1841.1838568546568,911.9268336964415,357
water lettuce,Apr-Jun,invasive PAC,-91.02478073735138,129.59872519383444,NA,total nitrogen,1988.9862729172169,961.4234674815926,1144
water lettuce,Jul-Sep,invasive PAC,-265.3621051437742,-31.47910647213822,NA,total nitrogen,1802.6041687653176,932.0441899774156,1105
