Invasive,Quarter,Term,DiffAvg,PACEffect,TreatEffect,Metric,Average,UninvAvg,UninvN
hydrilla,Jul-Sep,management,-3.5035386632300716,NA,5.285426999402039,chlorophyll a,54.21633834170446,13.818117163009404,319
hydrilla,Jan-Mar,management,-13.75329588871509,NA,-1.7911357535963468,chlorophyll a,48.08870004468582,10.344726631393298,315
water hyacinth,Apr-Jun,invasive PAC,7.604605685805355,2.642649215838074,NA,chlorophyll a,58.736974335730125,16.7117046986904,362
