CommonName,Incpt,Beta,IncptBeta,NoTreat,Treat
Hydrilla,-0.10314594828176994,-0.12014822799049259,-0.22329417627226253,-9.800468079261027,-20.012049089174667
Water hyacinth,0.048852623670119305,-0.07223707377649288,-0.023384450106373578,5.006558452388865,-2.31131526812004
Water lettuce,0.004464254347347063,-0.001853807007043759,0.0026104473403033043,0.44742339757928296,0.2613857524684793
