CommonName,Incpt,Beta,IncptBeta,NoTreat,Treat
Cuban bulrush,0.1790476140842787,-0.10926201355210906,0.06978560053216963,19.607769295616695,7.227826071921273
Paragrass,0.005921508743255706,-0.031726432117248717,-0.02580492337399301,0.5939075533003324,-2.5474821849056695
Torpedograss,0.013719547601080514,-0.0305825410024015,-0.016862993401320987,1.3814092470435524,-1.6721608965223678
