Invasive,Quarter,Term,Intercept,BetaPAC,BetaTreat,Metric,UninvAvg,UninvN
hydrilla,Oct-Dec,invasive PAC,4.024656306669562,0.0033882066048117375,NA,total phosphorus,52.25934117763876,373
water hyacinth,Apr-Jun,invasive PAC,4.032277653627313,0.11652446940961922,NA,total phosphorus,28.51903935185185,400
water hyacinth,Jul-Sep,invasive PAC,4.032640941823519,0.05093591336546546,NA,total phosphorus,26.704063975127085,408
water hyacinth,Jan-Mar,invasive PAC,4.0876581138514805,0.09692362401970435,NA,total phosphorus,29.32988035264484,397
water lettuce,Apr-Jun,invasive PAC,4.132143852330207,0.13421536605484047,NA,total phosphorus,29.12258436221494,1204
water lettuce,Jan-Mar,invasive PAC,4.174247729117791,0.12768554947862049,NA,total phosphorus,29.33253107030235,1198
