CommonName,InitPercCovered,DiffNone,Treat,DiffTreat,ChangeNone,ChangeTreat
Hydrilla,6.186702871434503,1.0595693921294946,-2.259742778138324,-1.2001733860088295,17.12656020740517,-19.39924077411765
Water hyacinth,0.5205486275727744,0.07954002269710066,-0.1444612694608542,-0.06492124676375353,15.280036961768898,-12.47169684539747
Water lettuce,0.8712081568314073,0.27025469803888114,-0.38186018007184735,-0.11160548203296622,31.02068041027074,-12.81042666529621
