Metric,Invasive,Model,Term,Estimate,SE,t,P,Intercept,R2,Waterbodies,Years,N
secchi,Cuban bulrush,binary,established,-0.21160121255154304,0.3429225653743218,-0.6170524599936048,0.5375101328411714,4.149352721669785,0.12181922923257738,143,9,1287
secchi,Cuban bulrush,continuous,invasive PAC,0.10329739291382728,0.06770316092421637,1.5257395888716832,0.12862358397970294,3.629635299036641,0.04246388498138697,91,9,819
secchi,Cuban bulrush,continuous,invasive PAC:management,-0.048296887278695896,0.07612418705213389,-0.6344486443660754,0.5264989125718778,3.629635299036641,0.04246388498138697,91,9,819
secchi,Cuban bulrush,continuous,management,0.03628245875964562,0.05919126110339125,0.6129698554026396,0.5405790261312374,3.629635299036641,0.04246388498138697,91,9,819
secchi,torpedograss,binary,established,1.5510633409002674,0.04842700522364869,32.02889242762478,1.0790764912308034e-166,0.7475611925625368,0.09527955895611714,183,21,3843
secchi,torpedograss,continuous,invasive PAC,-0.0034286962860236867,0.006545980695864121,-0.5237864951526674,0.6006536917074805,4.663319437841574,0.006120039691449253,72,21,1512
secchi,torpedograss,continuous,invasive PAC:management,0.030784081656135345,0.012849094724021461,2.395817162012536,0.01694137156538539,4.663319437841574,0.006120039691449253,72,21,1512
secchi,torpedograss,continuous,management,0.046646310162567574,0.04151303184070057,1.1236546234822142,0.261686142226262,4.663319437841574,0.006120039691449253,72,21,1512
