Invasive,Term,P,DiffAvg,PACEffect,TreatEffect,InitPercCovered
hydrilla,invasive PAC,0.05470071775164454,1.1987330319729812,-0.01856256995558276,NA,6.30274357390502
hydrilla,management,0.10263105019846858,1.1987330319729812,NA,NA,6.30274357390502
water hyacinth,invasive PAC,0.09820854385982475,1.4700511467591104,0.07089326565136424,NA,0.5263697128468972
water hyacinth,management,0.006175668086326092,1.4700511467591104,NA,-0.4805914866929201,0.5263697128468972
water lettuce,invasive PAC,0.4285488850408732,1.2742745564321327,NA,NA,0.8956043067081765
water lettuce,management,0.05140549710498695,1.2742745564321327,NA,-0.43403039508187446,0.8956043067081765
