Lag,Hydrilla,Waterhyacinth,Waterlettuce
0,5.884116405934037,0,56.39444379212364
1,7.5731962221252616,5.193389562929951,42.066473927363404
2,7.72674445951634,3.1771404320134025,32.9061380205967
3,5.804901467497984,1.3009808824172069,22.97998320167244
4,0,0.35707077485494665,9.675880472947028
5,2.3430674410774373,1.5374946586925944,0
