CommonName,DiffNone,Treat,PAC,DiffThree,YearsNone,YearsThree,YearsPAC,InitPercCovered
Cuban bulrush,0.29597879004365557,-1.1495964252085475,0.8619712896251108,-0.853617635164892,3.3786204742998796,-1.1714847008834717,0.863595087178587,0.6433835722634463
Para grass,4.347573089298204,-1.3295180980861885,-1.0179380926027393,3.018054991212016,0.23001338435495342,0.33133922440505686,0.3003332200053344,1.125458417385997
Torpedograss,1.9933073438344957,-1.1638780110438216,-0.25674245933148926,0.8294293327906741,0.501678781796045,1.2056482215735351,0.5758494882189176,1.6570713291033943
