Coefficient,Estimate,SE,t,P,R2,Waterbodies,Years,N
water lettuce management,0.014309627891848689,0.009522430720215639,1.5027284852248988,0.13301073356125062,-0.06475461326275411,186,2-19,3313
water lettuce PAC,-0.0011324638446668397,0.0028229307670998224,-0.4011660001957088,0.6883255069674865,-0.06475461326275411,186,2-19,3313
interaction,-0.0034744153046089798,0.0029233192506307867,-1.1885172322042072,0.2347205585732753,-0.06475461326275411,186,2-19,3313
