Species,Estimate,SE,t,P,R2,Waterbodies,Years,N
hydrilla,-2.259742778138324,0.5826651684798777,-3.878287051264442,1.0746619516410686e-4,0.0024749435338243136,157,20,3140
water hyacinth,-0.1444612694608542,0.056406077211328745,-2.561094062961007,0.010482489943136164,1.2455339114945623e-4,159,20,3180
water lettuce,-0.38186018007184735,0.2533634268306854,-1.507163779905109,0.13192412381711383,4.3717725653672504e-4,107,20,2140
