Species,Estimate,SE,t,P,R2,Waterbodies,Years,N
Cuban bulrush,-0.1797974711610109,0.3053145117868787,-0.5888926474825293,0.556202466477657,5.932840560856147e-4,99,6,594
para grass,0.3496862463651294,0.18342185833509153,1.9064589659008424,0.05839455585395876,0.0022450658977896556,10,17,170
torpedograss,-0.30918088428364554,0.12301322065876161,-2.513395573483216,0.012086061232490446,0.002418431333657434,64,20,1280
