Species,Term,Estimate,SE,t value,Pr(>|t|)
hydrilla,(Intercept),-5.6079943138228705,0.05394905719874864,-103.94981126663599,0
hydrilla,management,1.5341743829832692,0.08037856153649901,19.086860397304047,2.725018149388267e-77
water hyacinth,(Intercept),-6.280716528245095,0.029087516522179516,-215.924811712818,0
water hyacinth,management,0.270757465614254,0.037748378174074115,7.172691350226335,8.934259717000111e-13
water lettuce,(Intercept),-6.087015510622671,0.051011503035155246,-119.32633128703785,0
water lettuce,management,0.16183999867165963,0.0601687750472699,2.6897672180381704,0.007200708066321152
