Coefficient,Estimate,SE,t,P,R2,Waterbodies,Years,N
torpedograss management,-0.04393240311888598,0.01556462556291505,-2.8225801476112102,0.0047839434219321885,-0.06858201215832715,319,1-18,5032
torpedograss PAC,-0.006275746239713533,0.00275372158593363,-2.2790053547064693,0.022711459507252986,-0.06858201215832715,319,1-18,5032
interaction,-4.2162677912576096e-4,0.004677202367943084,-0.09014507946364138,0.9281757736789622,-0.06858201215832715,319,1-18,5032
