CommonName,InitPercCovered,DiffNone,Coef,DiffThree,ChangeNone,ChangeThree
Hydrilla,6.171032091306373,1.0313849117130758,-2.185397713910508,-1.1540128021974323,16.713329252752878,-18.700482919594315
Water hyacinth,0.5218198410838604,0.08145538142149382,-0.1475830259066237,-0.06612764448512988,15.609866664384525,-12.672504814645917
Water lettuce,0.8226531735062258,0.29745002718511665,-0.42017807167641635,-0.1227280444912997,36.15740347993267,-14.918564523153925
