CommonName,Incpt,Beta,IncptBeta,NoTreat,Treat
Cuban bulrush,0.14214572673879125,-0.11366306316836937,0.02848266357042188,15.274462201201944,2.889217336319838
Para grass,0.002756936466221938,-0.03185460989187062,-0.02909767342564868,0.27607403104104034,-2.8678412473657877
Torpedograss,7.667650834078914e-5,-0.03859876554631549,-0.0385220890379747,0.00766794480593358,-3.7789549798101896
