covNames,change,.lower,.upper,.width,.point,.interval,Invasive
RecentTreatment,1.4350352988166102,0.7934680879737961,2.0783002657407543,0.95,mean,hdci,hydrilla
PercCovered,3.186935812202635,0.9812137442310558,5.20077118949872,0.95,mean,hdci,hydrilla
RecentTreatment,0.9054866888684809,0.46404084050804784,1.3359908033199872,0.95,mean,hdci,floating plants
PercCovered,3.6800440005151205,-0.9698279042524973,7.59151747479911,0.95,mean,hdci,floating plants
