CommonName,Incpt,Beta,IncptBeta,NoTreat,Treat
Cuban bulrush,0.14214572673879128,-0.11366306316836942,0.028482663570421854,15.274462201201944,2.889217336319838
Paragrass,-6.027843594926543e-4,-0.02479479642426874,-0.025397580783761392,-0.06026027214985907,-2.5077775377263745
Torpedograss,2.3309393257190596e-4,-0.019959831730800903,-0.019726737798228998,0.023312110107354123,-1.9533438845459328
