Coefficient,Estimate,SE,t,P,R2,Waterbodies,Years,N
hydrilla management,-0.009688692678853169,0.007868345575128836,-1.2313506805647039,0.21825419395854584,-0.06133627132425312,278,1-19,4935
hydrilla PAC,-5.078740619376846e-4,4.947854290905822e-4,-1.0264531493402291,0.3047315891451827,-0.06133627132425312,278,1-19,4935
interaction,-5.678346246165222e-4,5.123028523750749e-4,-1.108396375276846,0.2677481677173999,-0.06133627132425312,278,1-19,4935
