CommonName,Quarter,DiffNone,PAC,Treat,DiffPAC,DiffTreat,PrevValue,PrevValueUninv,UninvN
Hydrilla,2,-20.21430866652277,0.047384370260216975,9.135835857486951,-20.16692429626255,-11.078472809035818,76.61576623993818,51.60024000227222,326
Water hyacinth,1,-9.460248288451535,22.325969975455198,-5.002203156180337,12.865721687003663,-14.46245144463187,89.90582472077784,29.647331532921815,360
Water hyacinth,2,-13.355449125074468,3.6162324462931728,-2.637363337185886,-9.739216678781295,-15.992812462260353,77.11177137890309,27.375641571236972,359
Water hyacinth,3,-36.35350780327312,19.567969109160128,4.546620562633731,-16.78553869411299,-31.806887240639387,82.4141103570377,31.156648148148143,350
Water hyacinth,4,-15.962642113976521,16.353716133310158,2.678102223748714,0.3910740193336366,-13.284539890227807,84.18067205021569,30.420247088448225,353
Water lettuce,1,-14.36531378343192,24.156880742862455,-7.744127160958995,9.791566959430535,-22.109440944390915,110.43396013972874,29.135790277237735,1071
Water lettuce,3,-49.33430851506671,18.704804824441442,7.063984945565049,-30.629503690625267,-42.27032356950166,99.15808644921232,30.1014187513831,1052
Water lettuce,4,-19.65149832956613,15.02406112088917,1.6574631437386442,-4.627437208676961,-17.994035185827485,101.86678502323814,30.264317380528507,1061
