Invasive,Quarter,Term,Intercept,BetaPAC,BetaTreat,Metric,UninvAvg,UninvN
hydrilla,Apr-Jun,management,3.3696899923819372,NA,-0.3031845132751641,chlorophyll a,11.296481796851348,367
hydrilla,Oct-Dec,management,3.4536075348103474,NA,-0.23237099408513637,chlorophyll a,11.597734915547417,364
water hyacinth,Jul-Sep,invasive PAC,3.4100677465438523,0.07674382621118338,NA,chlorophyll a,17.80912960682357,406
water hyacinth,Jan-Mar,invasive PAC,3.0226942592726918,0.1241444878672816,NA,chlorophyll a,15.34571161641541,398
water lettuce,Apr-Jun,management,3.134064063729165,NA,0.30040768649491656,chlorophyll a,15.741845256911937,1180
water lettuce,Jul-Sep,invasive PAC,3.436994686013356,0.045355631730877734,NA,chlorophyll a,18.252526123568646,1151
water lettuce,Jan-Mar,invasive PAC,3.0966812235771966,0.18248194889345892,NA,chlorophyll a,14.222087127566232,1143
