Species,Term,Estimate,SE,t value,Pr(>|t|)
hydrilla,(Intercept),-5.647904269607246,0.05435413799206027,-103.9093706247767,0
hydrilla,management,1.5756915417293222,0.08064623430042021,19.538315153806405,1.1499329720522179e-80
water hyacinth,(Intercept),-6.283375254572646,0.02936260162612923,-213.99245661464778,0
water hyacinth,management,0.2669439841261797,0.03803010515172537,7.019280726707874,2.6730984540149848e-12
water lettuce,(Intercept),-6.121037768785687,0.0501773812445433,-121.98798775397108,0
water lettuce,management,0.17035576221252458,0.05917056735286651,2.879062510869633,0.0040249672630689685
