CommonName,Quarter,DiffNone,PAC,DiffPAC,PrevValue,PrevValueUninv,UninvN
Torpedograss,1,-2.839053309865612,-3.5979511741800962,-6.437004484045708,122.63614162194146,39.34930786509804,17
Torpedograss,2,-1.5670792264245466,-1.851147896156293,-3.4182271225808396,105.69560115942087,43.92913546444444,18
Torpedograss,3,-2.5524365888221294,-7.497035279800999,-10.049471868623128,105.5426602056916,37.66411607843138,17
Torpedograss,4,-0.8297335955400278,-4.4763426568012425,-5.306076252341271,129.5748541356339,41.902197308148146,18
