CommonName,DiffNone,Treat,Surv,DiffThree,YearsNone,YearsThree,YearsSurv,SurvMean,SurvSD,SurvExp
Hydrilla,0.5924261263847099,-0.5086740089284915,-0.125170635567626,0.08375211745621847,1.687974171737692,11.939996627819605,2.140156765737118,276.28273244781786,251.4033371925055,527.6860696403234
Water hyacinth,0.6229782955584323,-0.5436183605339721,-0.17938454992814806,0.07935993502446026,1.6051923592355792,12.600816768458552,2.2543149218191543,292.8066691644811,252.04847722818482,544.8551463926659
Water lettuce,0.6529267201447729,-0.5162733202323404,-0.22218314433250871,0.13665339991243253,1.5315654408786805,7.317783535871042,2.321566835011467,308.6997780244173,254.6185621754267,563.318340199844
