CommonName,Quarter,DiffNone,PAC,DiffPAC,PrevValue,PrevValueUninv,UninvN
Cuban bulrush,2,-1.7319977414336984,58.936948813658034,57.20495107222433,25.852666485533152,39.76349631944444,80
Torpedograss,4,-15.196700877008796,11.727627899321133,-3.469072977687663,51.52726038899912,11.179365079365079,14
