Species,Estimate,SE,t,P,R2,Waterbodies,Years,N
Cuban bulrush,-0.17979747116101097,0.30531451178687874,-0.5888926474825295,0.5562024664776568,5.932840560856132e-4,99,6,594
para grass,0.3496862463651294,0.1834218583350916,1.9064589659008417,0.05839455585395886,0.0022450658977896574,10,17,170
torpedograss,-0.30918088428364554,0.12301322065876158,-2.5133955734832165,0.01208606123249043,0.0024184313336574354,64,20,1280
