Invasive,Term,Estimate,SE,t,P,Intercept,R2,Waterbodies,Years,N
Cuban bulrush,invasive PAC,-0.003718947365702098,0.002933674361574956,-1.2676755860884181,0.20514934805793894,19.43241598725465,0.006413655758341016,181,9,1629
Cuban bulrush,management,-0.020342639638075942,0.019514442794342373,-1.0424401994185393,0.29740872107612376,19.43241598725465,0.006413655758341016,181,9,1629
Cuban bulrush,invasive PAC:management,0.016036513856939424,0.006095680596294077,2.6307995643159137,0.008622906041935172,19.43241598725465,0.006413655758341016,181,9,1629
torpedograss,invasive PAC,0.006586197092954802,0.011369686250899643,0.5792769428825408,0.5624774349882753,20.132652140647064,0.0033159555333326595,107,20,2140
torpedograss,management,-0.021588712753734165,0.01913910032420805,-1.1279899466553154,0.2594799430887697,20.132652140647064,0.0033159555333326595,107,20,2140
torpedograss,invasive PAC:management,-5.144379059039834e-4,0.006348401026875508,-0.08103424842352379,0.9354240511761724,20.132652140647064,0.0033159555333326595,107,20,2140
