CommonName,Quarter,DiffNone,PAC,Treat,DiffPAC,DiffTreat,PrevValue,PrevValueUninv,UninvN
Hydrilla,3,-85.23148141793799,-7.7307658763305644,57.72006043889605,-92.96224729426855,-27.511420979041937,1702.4204521728236,1023.1518658386483,331
Hydrilla,4,-176.27853428219555,-4.911547372269395,189.65114294689232,-181.19008165446493,13.37260866469677,1722.1261566101111,1023.6529910376848,343
Water hyacinth,1,-83.99109321074631,112.24679940209633,-8.00309938593406,28.255706191350015,-91.99419259668038,1841.1838568546568,911.9268336964415,357
Water lettuce,1,-91.02478073735135,129.59872519383455,18.436758403142168,38.573944456483204,-72.58802233420919,1988.9862729172169,961.4234674815926,1144
Water lettuce,2,-265.3621051437742,-31.47910647213822,0.025816099353566952,-296.8412116159124,-265.33628904442065,1802.6041687653176,932.0441899774156,1105
