Lag,Hydrilla,Waterhyacinth,Waterlettuce,Cubanbulrush,Paragrass,Torpedograss,Wildtaro
0,6.010057566756586,0,56.68174267884024,10.017003184446367,0.3728875462402357,0,5.094179541583799
1,7.694305258566601,5.179083513387013,42.2021182828903,4.90296731703711,0.0361457818908093,4.32880980387381,2.2807649154510727
2,7.810091576833656,3.1514113785960944,33.04791891806235,0,0,2.7678602860232786,1.4112021276596352
3,5.857952012367605,1.3216506800636125,23.049024932020984,17.479202932299813,0.5765958678748575,4.248811199509873,1.0820160313724045
4,0,0.408933119259018,9.70131825441058,26.099452521033527,0.5479764514129783,4.903474860479037,0
5,2.334915293711674,1.6042337083490565,0,29.600316086030944,0.5207818061135185,5.534117953802706,0.32918154498474905
