Invasive,Quarter,Term,Intercept,BetaPAC,BetaTreat,Metric,UninvAvg,UninvN
Cuban bulrush,Jan-Mar,management,6.863372599175042,NA,-0.14678941800578538,total nitrogen,1361.034872824632,83
torpedograss,Oct-Dec,invasive PAC,6.957790582522348,0.018260673344970973,NA,total nitrogen,2203.7891534391533,21
torpedograss,Jan-Mar,invasive PAC,6.886898473743744,0.01671003936927489,NA,total nitrogen,2212.4641414141415,22
torpedograss,Jan-Mar,management,6.886898473743744,NA,0.19527570254560972,total nitrogen,2212.4641414141415,22
