Coefficient,Estimate,SE,t,P,R2,Waterbodies,Years,N
cuban bulrush management,-0.002293459395174638,0.018622723273187237,-0.12315381383971549,0.9020047997436346,-0.23389477577316264,293,1-7,1571
cuban bulrush PAC,0.005910153866507374,0.01743253852452925,0.3390300189608772,0.7346432083023786,-0.23389477577316264,293,1-7,1571
interaction,-0.017643571525138256,0.016058846639091958,-1.0986823600512263,0.2721150424181211,-0.23389477577316264,293,1-7,1571
