Invasive,Quarter,Term,DiffAvg,PACEffect,TreatEffect,Metric,Average,UninvAvg,UninvN
Cuban bulrush,Jul-Sep,invasive PAC,-1.7319977414336971,58.93694881365805,NA,chlorophyll a,25.852666485533152,39.76349631944444,80
torpedograss,Jan-Mar,invasive PAC,-15.196700877008796,11.727627899321133,NA,chlorophyll a,51.52726038899912,11.179365079365079,14
