Metric,Invasive,Model,Term,Estimate,SE,t,P,Intercept,R2,Waterbodies,Years,N
chlorophyll,Cuban bulrush,binary,established,-0.03114690208497273,0.5785532776311169,-0.05383584068956198,0.9570896876005086,13.553688706851117,0.13818399090493108,143,9,1287
chlorophyll,Cuban bulrush,continuous,invasive PAC,0.0964773232320665,0.04384455874843881,2.200440054274735,0.028898048744244047,10.915744588573215,0.01698686823120335,91,9,819
chlorophyll,Cuban bulrush,continuous,invasive PAC:management,-0.05821829458630247,0.058828163275317584,-0.9896330489503656,0.3235258521999267,10.915744588573215,0.01698686823120335,91,9,819
chlorophyll,Cuban bulrush,continuous,management,-0.09071353320918268,0.11591958646379966,-0.7825557006926648,0.43479549908747506,10.915744588573215,0.01698686823120335,91,9,819
chlorophyll,torpedograss,binary,established,2.341160226426419,0.07507544785833584,31.184099372195398,4.13319163771332e-160,1.3209299629716267,0.08556244143284497,183,21,3843
chlorophyll,torpedograss,continuous,invasive PAC,0.002032146612537684,0.01080184928085391,0.18812951002192083,0.8508496664421805,10.256692034530348,4.475097275331256e-4,72,21,1512
chlorophyll,torpedograss,continuous,invasive PAC:management,-0.011520320720727725,0.017211332673458223,-0.6693450727666971,0.5035770932301731,10.256692034530348,4.475097275331256e-4,72,21,1512
chlorophyll,torpedograss,continuous,management,-0.020075172801885668,0.07491173560312821,-0.2679843503859141,0.788819292571963,10.256692034530348,4.475097275331256e-4,72,21,1512
