Lag,Hydrilla,Waterhyacinth,Waterlettuce,Cubanbulrush,Paragrass,Torpedograss,Wildtaro
0,1.0445256247585348,10.578673610576516,7.97747946317395,0,0,0,2.364287882868666
1,4.118591749265761,15.379262952526915,6.028278963647608,0.5396363244144595,1.7342475944460602,3.746330200754528,1.5119865547567315
2,3.338728716429614,4.797911412955727,6.7125231713198446,9.268947640350234,1.7783350321333273,2.127809122464896,0.6766776422846306
3,1.9431578040130262,2.766575808002017,6.925882173658465,21.0992541316009,1.2259494097306742,2.2718493478296296,1.0319158406200586
4,0,0.6307237933324359,2.0355986682006915,25.75345912987177,0.9541473013268842,2.8938304087187134,0
5,1.943051887305046,0,0,27.179473097516166,1.1462464379510493,3.693856261195833,0.8679390651868744
