Metric,Invasive,Model,Term,Estimate,SE,t,P,Intercept,R2,Waterbodies,Years,N
nitrogen,Cuban bulrush,binary,established,0.4247558852743986,0.3862257783076725,1.0997605782181439,0.2720205458870811,626.8706014492221,0.8119155084717299,143,9,1287
nitrogen,Cuban bulrush,continuous,invasive PAC,-0.039275651152633796,0.029514520266045532,-1.33072300679804,0.18476565116607765,843.4036367542507,0.04334576224929547,91,9,819
nitrogen,Cuban bulrush,continuous,invasive PAC:management,0.003165894834371077,0.03709446835098766,0.08534681787093959,0.9320693744917533,843.4036367542507,0.04334576224929547,91,9,819
nitrogen,Cuban bulrush,continuous,management,-0.09427937543636968,0.04131163454736918,-2.282150693608264,0.023512000753955292,843.4036367542507,0.04334576224929547,91,9,819
nitrogen,torpedograss,binary,established,-0.8307661033808234,0.041754131516527904,-19.896620363232174,3.576940772253262e-77,2152.558053302769,0.7106987199336768,183,21,3843
nitrogen,torpedograss,continuous,invasive PAC,0.011390524806536741,0.005915984394717843,1.9253811448026987,0.054735241487899905,756.505385439702,0.009135164410373238,72,21,1512
nitrogen,torpedograss,continuous,invasive PAC:management,-0.0215794651934312,0.006990846860675734,-3.0868170371200683,0.0021327113369956,756.505385439702,0.009135164410373238,72,21,1512
nitrogen,torpedograss,continuous,management,-0.023631069337629373,0.03037743957437037,-0.777915112950041,0.43697837429225805,756.505385439702,0.009135164410373238,72,21,1512
