CommonName,InitPercCovered,DiffNone,Treat,DiffTreat,ChangeNone,ChangeTreat
Cuban bulrush,0.7386270651847272,0.050075331902956766,-0.17979747116101097,-0.1297221392580542,6.779514895034771,-17.562603020187364
Para grass,1.1958181538386075,-0.01362897057789951,0.3496862463651294,0.3360572757872299,-1.1397193238913592,28.102707314525816
Torpedograss,1.5925020919574513,0.07072150434152125,-0.30918088428364554,-0.2384593799421243,4.440904956965721,-14.973881739082545
