covNames,change,.lower,.upper,.width,.point,.interval,Invasive
RecentTreatment,0.15467817912308668,-0.46470865290499896,0.7732866447165648,0.95,median,qi,Cuban bulrush
PercCovered,-5.059670009476459,-16.454257684024846,3.020603941973964,0.95,median,qi,Cuban bulrush
RecentTreatment,-1.4171141921487003,-4.203219601852384,1.0104538930710696,0.95,median,qi,paragrass
PercCovered,3.260328731322142,-5.378582482415842,8.471160705629803,0.95,median,qi,paragrass
RecentTreatment,-0.35102979167909254,-1.0624539534905995,0.3544868503121662,0.95,median,qi,torpedograss
PercCovered,8.733597807036816,3.5456883647670896,11.91953957972584,0.95,median,qi,torpedograss
