Species,Estimate,SE,t,P
hydrilla,-2.185397713910508,0.5803643084602623,-3.765561875623409,1.6942477513788644e-4
water hyacinth,-0.1475830259066237,0.0571946296230747,-2.5803650951012114,0.009916991556821393
water lettuce,-0.42017807167641635,0.25408427882802326,-1.6536956698561172,0.09834528067607498
