CommonName,InitPercCovered,DiffNone,Treat,DiffTreat,ChangeNone,ChangeTreat
Hydrilla,6.171032091306393,1.0313849117130756,-2.1853977139105076,-1.154012802197432,16.71332925275282,-18.700482919594254
Water hyacinth,0.5218198410838587,0.08145538142149382,-0.14758302590662367,-0.06612764448512985,15.609866664384574,-12.672504814645952
Water lettuce,0.8226531735062251,0.29745002718511665,-0.4201780716764164,-0.12272804449129976,36.1574034799327,-14.918564523153945
