CommonName,Min,Max
Floating plants,20.393904672814763,16.10067661550317
Hydrilla,20.393904672814763,22.08876271429261
Para grass,20.393904672814763,22.367319728143894
Torpedograss,20.393904672814763,26.757385187259132
