Invasive,Term,Estimate,SE,t,P,R2,Waterbodies,Years,N
Cuban bulrush,invasive PAC,0.8619712896251108,0.7267086736239627,1.186130454899648,0.23653501983528732,0.008224051856897239,99,4,396
Cuban bulrush,management,-1.1495964252085475,1.1879576895385786,-0.9677082233922564,0.33399093315429673,0.008224051856897239,99,4,396
para grass,invasive PAC,-1.0179380926027393,0.2218694289439003,-4.58800519498396,1.1481891794517736e-5,0.0309240291485009,10,14,140
para grass,management,-1.3295180980861885,1.1858311945669107,-1.1211697787826835,0.2645513463552174,0.0309240291485009,10,14,140
torpedograss,invasive PAC,-0.25674245933148926,0.10641239357494241,-2.4127120038012753,0.01601233454207768,0.0071144013796900895,64,17,1088
torpedograss,management,-1.1638780110438216,0.3870830705633549,-3.006791305416512,0.0027057968030191953,0.0071144013796900895,64,17,1088
