covNames,change,.lower,.upper,.width,.point,.interval,Invasive
RecentTreatment,0.15236358996775123,-0.4764849812966361,0.7404325380514933,0.95,mean,hdci,Cuban bulrush
PercCovered,-5.557547207695848,-15.47331636205304,3.41851812083587,0.95,mean,hdci,Cuban bulrush
RecentTreatment,-1.3991471501020738,-3.9082497091927237,1.2886760616921613,0.95,mean,hdci,paragrass
PercCovered,2.5953764089143556,-4.999218035752591,8.280758357577394,0.95,mean,hdci,paragrass
RecentTreatment,-0.3650614323969489,-1.0930432418999487,0.29021679406581846,0.95,mean,hdci,torpedograss
PercCovered,8.548267633340133,4.408443941685263,12.373501554736174,0.95,mean,hdci,torpedograss
