Coefficient,Estimate,SE,t,P,R2,Waterbodies,Years,N
para grass management,0.021132482603917604,0.049812907157475356,0.4242370865268056,0.6714149484522971,-0.0656828951710946,277,4-17,4438
para grass PAC,-0.032269533137883874,0.00712813759689576,-4.52706372446247,6.148831263570553e-6,-0.0656828951710946,277,4-17,4438
interaction,-0.04435097186182515,0.03217921511316492,-1.3782490252125699,0.16820085772248553,-0.0656828951710946,277,4-17,4438
