CommonName,Quarter,DiffNone,PAC,Treat,DiffPAC,DiffTreat,PrevValue,PrevValueUninv,UninvN
Hydrilla,2,-3.5035386632300756,0.15194343477893826,8.788965662632117,-3.351595228451137,5.285426999402041,54.21633834170446,13.818117163009404,319
Hydrilla,4,-13.753295888715092,-0.07813648040870123,11.962160135118742,-13.831432369123794,-1.7911357535963504,48.08870004468582,10.344726631393298,315
Water hyacinth,1,7.604605685805353,2.642649215838074,-2.936702912334399,10.247254901643426,4.667902773470955,58.736974335730125,16.7117046986904,362
