Invasive,Term,P,DiffAvg,PACEffect,TreatEffect,InitPercCovered
Cuban bulrush,invasive PAC,0.2365350198352875,0.29597879004365385,NA,NA,0.6433835722634463
Cuban bulrush,management,0.3339909331542984,0.29597879004365385,NA,NA,0.6433835722634463
para grass,invasive PAC,1.1481891794517851e-5,4.347573089298205,-1.01793809260274,NA,1.125458417385997
para grass,management,0.2645513463552167,4.347573089298205,NA,NA,1.125458417385997
torpedograss,invasive PAC,0.01601233454207763,1.9933073438344955,-0.25674245933148937,NA,1.657071329103394
torpedograss,management,0.002705796803019163,1.9933073438344955,NA,-1.1638780110438225,1.657071329103394
