Invasive,Quarter,Term,DiffAvg,PACEffect,TreatEffect,Metric,Average,UninvAvg,UninvN
Cuban bulrush,Oct-Dec,management,-24.62468475008916,NA,13.026267591362895,total phosphorus,53.86204660957951,88.32273860398861,78
torpedograss,Apr-Jun,invasive PAC,-0.5990559816972767,21.21118523638552,NA,total phosphorus,91.06213366818538,61.64950980392157,17
torpedograss,Jul-Sep,management,-10.964923726493971,NA,3.7887390454988754,total phosphorus,85.20919246561897,84.55729166666667,16
torpedograss,Jan-Mar,management,-15.840469933258797,NA,12.639338161221419,total phosphorus,88.324764890978,52.201797385620914,17
