covNames,change,.lower,.upper,.width,.point,.interval,Invasive
RecentTreatment,1.458051956084736,0.7469704572111673,2.0244469296675116,0.95,median,qi,hydrilla
PercCovered,3.2267549895716083,1.139048931328074,5.290657190802358,0.95,median,qi,hydrilla
RecentTreatment,0.9068440581279074,0.43370369430084726,1.33676926570097,0.95,median,qi,floating plants
PercCovered,3.874465691999715,-1.6495978584764548,7.63118713700433,0.95,median,qi,floating plants
