CommonName,InitPercCovered,None,One,Two,Three
Hydrilla,6.171032091306373,16.300765777025365,4.79659554028461,-6.7075746964561445,-18.2117449331969
Water hyacinth,0.5218198410838604,16.186580363711343,6.435404752857175,-3.3157708579969936,-13.066946468851162
Water lettuce,0.8226531735062258,28.920059589395933,15.260943382415158,1.6018271754343834,-12.057289031546391
