CommonName,DiffNone,Treat,DiffThree,YearsNone,YearsThree
Hydrilla,1.1612752487859828,-0.42265617187456195,0.7386190769114208,0.8611222886610365,1.3538778394156281
Water hyacinth,1.4442514397690187,-0.5197265276710562,0.9245249120979625,0.6924002098692258,1.0816366188886861
Water lettuce,1.2330557974614107,-0.4694982120793401,0.7635575853820706,0.810993307893105,1.3096589165565264
