CommonName,Incpt,BetaTreat,BetaPAC,BetaInxn,IncptTreat,IncptPAC,IncptTreatPAC,NoTreat,Treat,PAC,TreatPAC
Hydrilla,0.05540956318560472,-0.009688692678853169,-5.078740619376846e-4,-5.678346246165222e-4,0.045720870506751554,0.050330822566227874,0.03496378364120949,5.697342344057987,4.678218239391607,5.161893811170382,3.5582203103842858
Water hyacinth,0.05441864288586531,-0.00752587564695801,-0.007682166677592284,0.0038043502262533283,0.0468927672389073,-0.02240302389005753,0.008114602725517742,5.592656578092159,4.800962208855131,-2.2153939697475367,0.8147615348572668
Water lettuce,0.036687563004731326,0.014309627891848689,-0.0011324638446668397,-0.0034744153046089798,0.050997190896580016,0.025362924558062928,0.004928399403821823,3.736885779161625,5.231993720351746,2.56873000938882,0.4940563939850984
