Lag,Hydrilla,Waterhyacinth,Waterlettuce
0,3.1196841934797703,0,38.61036143029014
1,6.808496658690274,7.224982203300897,29.64411924531487
2,6.984326656187477,4.725148880304914,23.59306972059312
3,4.645098963956116,4.8037568168547295,17.108202376024565
4,0,2.852994889653928,7.162053802967421
5,0.8842814320378238,3.3837675250870234,0
