CommonName,Quarter,DiffNone,PAC,Treat,DiffPAC,DiffTreat,PrevValue,PrevValueUninv,UninvN
Cuban bulrush,3,-24.62468475008916,17.05568696027508,37.650952341452054,-7.56899778981408,13.026267591362895,53.86204660957951,88.32273860398861,78
Torpedograss,1,-0.5990559816972767,21.21118523638552,23.486681925917534,20.612129254688245,22.887625944220257,91.06213366818538,61.64950980392157,17
Torpedograss,2,-10.964923726493971,14.457938665909245,14.753662771992847,3.493014939415273,3.7887390454988754,85.20919246561897,84.55729166666667,16
Torpedograss,4,-15.840469933258797,9.933161022991467,28.479808094480216,-5.90730891026733,12.639338161221419,88.324764890978,52.201797385620914,17
