Invasive,Quarter,Term,Intercept,BetaPAC,BetaTreat,Metric,UninvAvg,UninvN
hydrilla,Apr-Jun,management,4.424158503273022,NA,0.1933642388871497,Secchi disk depth,140.2592754764747,382
hydrilla,Jul-Sep,management,4.346575608748109,NA,0.1011786861438355,Secchi disk depth,138.09936756517953,393
hydrilla,Oct-Dec,management,4.405834894552765,NA,0.18584332493924857,Secchi disk depth,131.08071182563657,384
hydrilla,Jan-Mar,invasive PAC,4.57611434090119,-0.005213108341715736,NA,Secchi disk depth,134.97494242583122,391
hydrilla,Jan-Mar,management,4.57611434090119,NA,0.14785256873216454,Secchi disk depth,134.97494242583122,391
water lettuce,Apr-Jun,invasive PAC,4.451530366856681,-0.13283735468557492,NA,Secchi disk depth,173.4816686760023,1270
water lettuce,Jul-Sep,invasive PAC,4.35603385769369,-0.020969390576631226,NA,Secchi disk depth,159.96973880261376,1270
water lettuce,Oct-Dec,invasive PAC,4.3829153102501,-0.033929817020358806,NA,Secchi disk depth,157.7682884631839,1264
water lettuce,Jan-Mar,invasive PAC,4.4923461035181536,-0.06448883591812303,NA,Secchi disk depth,182.69484012921313,1261
