CommonName,Incpt,Beta,IncptBeta,NoTreat,Treat
Hydrilla,-0.0785905833819684,-0.12227539732888806,-0.20086598071085648,-7.558168079885563,-18.197794505782195
Water hyacinth,0.03280298579772297,-0.04920144774118131,-0.016398461943458342,3.334693516340992,-1.626473911375803
Water lettuce,0.004449249242023838,-0.001357335207576978,0.00309191403444686,0.44591618471971906,0.30966989308702786
