CommonName,Quarter,DiffNone,PAC,DiffPAC,PrevValue
Hydrilla,1,0.0484182465931013,-0.02766015467483291,0.02075809191826839,3.23591703090134
Water lettuce,1,0.02295458769935669,-0.04492015952322141,-0.021965571823864723,3.014307011782691
Water lettuce,2,-0.0028941037341881914,0.016836055831058756,0.013941952096870564,2.812817497502783
