Invasive,Quarter,Term,DiffAvg,PACEffect,TreatEffect,Metric,Average,UninvAvg,UninvN
hydrilla,Apr-Jun,invasive PAC,1.4757881561577284,-0.843081514488908,NA,Secchi disk depth,98.63075110187283,142.946734172,330
water hyacinth,Apr-Jun,invasive PAC,0.8402118462240346,-1.9359492059625507,NA,Secchi disk depth,89.04462921904275,193.38007687322516,358
water hyacinth,Jan-Mar,management,3.8010803906998585,NA,-1.2741247273077572,Secchi disk depth,96.5482433945081,200.84258597619868,349
water lettuce,Apr-Jun,invasive PAC,0.6996558330763998,-1.3691664622677888,NA,Secchi disk depth,91.87607771913642,173.37786292936693,1159
water lettuce,Jul-Sep,invasive PAC,-0.0882122818180548,0.5131629817306717,NA,Secchi disk depth,85.73467732388482,157.9990287074621,1128
