Lag,Hydrilla,Waterhyacinth,Waterlettuce
0,1.0563156010284729,10.697367051143374,7.860104375649826
1,4.1032349086490285,15.5496541502107,5.972827084679011
2,3.3321578927061637,4.861679570305569,6.717955200871074
3,1.926145761863154,2.7895792237031856,6.949538099797792
4,0,0.6458525075213402,2.063845926288195
5,1.9331986474062433,0,0
