CommonName,Incpt,Beta,IncptBeta,NoTreat,Treat
Cuban bulrush,0.15216036920975232,-0.11349532867992641,0.0386650405298259,16.434694686015572,3.9422261003344117
Paragrass,-5.448380922586335e-4,-0.024870411267284093,-0.025415249359542726,-0.05446896949372615,-2.509500071229631
Torpedograss,5.465036931696648e-4,-0.020079196710854712,-0.019532693017685048,0.054665305352030735,-1.9343165966636877
