Invasive,Quarter,Term,DiffAvg,PACEffect,TreatEffect,Metric,Average,UninvAvg,UninvN
hydrilla,Jul-Sep,management,-20.214308666522776,NA,-11.078472809035816,total phosphorus,76.61576623993818,51.60024000227222,326
water hyacinth,Apr-Jun,invasive PAC,-9.460248288451536,22.325969975455198,NA,total phosphorus,89.90582472077784,29.647331532921815,360
water hyacinth,Jul-Sep,invasive PAC,-13.355449125074468,3.6162324462931728,NA,total phosphorus,77.11177137890309,27.375641571236972,359
water hyacinth,Oct-Dec,invasive PAC,-36.35350780327312,19.567969109160128,NA,total phosphorus,82.4141103570377,31.156648148148143,350
water hyacinth,Jan-Mar,invasive PAC,-15.962642113976523,16.353716133310158,NA,total phosphorus,84.18067205021569,30.420247088448225,353
water lettuce,Apr-Jun,invasive PAC,-14.365313783431926,24.156880742862455,NA,total phosphorus,110.43396013972874,29.135790277237735,1071
water lettuce,Oct-Dec,invasive PAC,-49.33430851506671,18.704804824441453,NA,total phosphorus,99.15808644921232,30.1014187513831,1052
water lettuce,Oct-Dec,management,-49.33430851506671,NA,-42.27032356950166,total phosphorus,99.15808644921232,30.1014187513831,1052
water lettuce,Jan-Mar,invasive PAC,-19.65149832956613,15.024061120889174,NA,total phosphorus,101.86678502323814,30.264317380528507,1061
