Coefficient,Estimate,SE,t,P,R2,Waterbodies,Years,N
intercept,0.017246550050404076,0.0047062006736664636,3.6646439976321266,2.502862260321579e-4,9.283208350113759e-4,278,1-19,4935
hydrilla management,-0.0031070826753841793,0.005148482038700173,-0.6034949043288531,0.546207262967549,9.283208350113759e-4,278,1-19,4935
hydrilla PAC,8.14379924029908e-6,4.03072290585398e-4,0.020204314289309033,0.9838812037444227,9.283208350113759e-4,278,1-19,4935
interaction,-6.735050027018885e-4,4.709790484970447e-4,-1.430010538369234,0.15277735087487032,9.283208350113759e-4,278,1-19,4935
error,0.04559745524364338,NA,NA,NA,9.283208350113759e-4,278,1-19,4935
random: year,9.24744647492624e-4,NA,NA,NA,9.283208350113759e-4,278,1-19,4935
