CommonName,Quarter,DiffNone,PAC,Treat,DiffPAC,DiffTreat,PrevValue,PrevValueUninv,UninvN
Cuban bulrush,1,-374.4909515532454,-157.0337741639292,654.6243257100731,-531.5247257171745,280.1333741568277,1026.46016992267,1478.9367604617605,77
Cuban bulrush,4,191.71780398376856,-227.0201951392731,-204.5556163936656,-35.30239115550455,-12.837812409897026,952.8995031203365,1428.8229166666667,80
Torpedograss,1,95.319630266131,20.163800909269852,-3.8589935881477415,115.48343117540085,91.46063667798326,1510.5135781934116,2006.9462418300654,17
Torpedograss,2,-104.88805390830603,18.989454218066285,127.33322993677903,-85.89859969023975,22.445176028473,1428.246672563217,1924.4354938271606,18
