component,term,estimate,std.error,statistic,p.value
mu,(Intercept),-3.863673359920484,0.10514105381259656,-36.74752363436547,1.2734814461446933e-295
mu,HydrTrtFreqC,0.019468967267475917,0.0018806177931789201,10.352431705203832,4.0798938003126345e-25
mu,HydrTrtAreaC,0.0424495790290734,0.004780192798850524,8.8803068862162,6.667615357098017e-19
mu,LatitudeC,0.028956713227562,0.06913010846324977,0.4188726717093995,0.6753091904059048
phi,(phi),9.116053081627667,1.0712854719793974,8.509452727650716,1.747562228742508e-17
nu,Log(nu),-11.977959394708709,0.47960693283516737,-24.97453346619017,1.15633084508437e-137
