component,term,estimate,std.error,statistic,p.value
mu,(Intercept),-4.766758673746786,0.1722244604790438,-27.677593882355655,1.2994984016182316e-168
mu,HydrTrt,1.626302934069118,0.1534852709435858,10.595824107883764,3.11584375766095e-26
mu,LatitudeC,-0.01679827702515452,0.06737516782546057,-0.2493244553938844,0.8031098158332369
phi,(phi),6.6142428375424505,0.8239457531210436,8.027522215495624,9.946096304804601e-16
nu,Log(nu),-12.03128688904622,0.49617378273520973,-24.248131013135147,6.919259730616515e-130
