Habitat,TaxonName,estimate,std.error,q.value
emergent,Bacopa monnieri,-0.010944123568663205,0.0029139348833106403,0.0061234749882681004
submersed,Najas guadalupensis,-0.005399923574679902,0.0018524859570609963,0.045841106042970266
