Habitat,TaxonName,estimate,std.error,q.value
floating,Lemna/Spirodela spp.,0.010800268876068797,0.002616503474016153,0.0020771030080909856
floating,Limnobium spongia,0.010779406882537106,0.0030285811263109337,0.008787279396580625
emergent,Hydrocotyle spp.,0.02818853616831385,0.009451790125918066,0.041586655743647026
emergent,Ludwigia palustris/repens,0.00499627491798635,0.0013020682048418906,0.004828826073842528
submersed,Ceratophyllum demersum,0.01072211891394617,0.003082310619689316,0.010584934302514972
submersed,Utricularia foliosa,0.009094475612696957,0.0028128364677586664,0.021032244539525433
submersed,Utricularia gibba,0.0066997422137929,0.0022707244093996557,0.04428439568672545
